<?xml version="1.0" encoding="UTF-8"?>
<beans xmlns:tx="http://www.springframework.org/schema/tx"
       xmlns:xslt="http://xml.apache.org/xslt"
       xmlns:jee="http://www.springframework.org/schema/jee"
       xmlns:aop="http://www.springframework.org/schema/aop"
       xmlns:xsi="http://www.w3.org/2001/XMLSchema-instance"
       xmlns="http://www.springframework.org/schema/beans" 
       xsi:schemaLocation="http://www.anyframejava.org/schema/batch 
                           http://www.anyframejava.org/schema/batch/schema.xsd
                           http://www.springframework.org/schema/beans
                           http://www.springframework.org/schema/beans/spring-beans-2.0.xsd
                           http://www.springframework.org/schema/aop
                           http://www.springframework.org/schema/aop/spring-aop-2.0.xsd
                           http://www.springframework.org/schema/jee
                           http://www.springframework.org/schema/jee/spring-jee-2.0.xsd">

		
	<job id="VSAMFile2SAMFile" name="VSAMFile2SAMFile" xmlns="http://www.anyframejava.org/schema/batch">
		<description>파일 데이터를 생성하고 처리하는 샘플용 배치 작업</description>
		
		<step id="createData" name="createData" type="java" class="com.anyframe.sample.CreateData.CreateListdataFile">
			<description>샘플용 데이터를 생성하는 스텝</description>
			<resources>
				<writer id="writer" type="VSAM" url="/batch/sample/VSAMFile2SAMFile/Sample.txt" colsep="&#237;"/>
			</resources>
		</step>

		<step id="processData" name="processData" type="java" class="com.anyframe.sample.VSAMFile2SAMFile.ProcessData">
			<description>입력 파일(DB)로부터 데이터를 가공하여 결과를 출력 파일(DB)에 기록하는 스텝</description>
			<resources>
				<reader id="reader" type="VSAM" url="/batch/sample/VSAMFile2SAMFile/Sample.txt" colsep="&#237;"/>
				<writer id="writer" type="SAM" url="/batch/sample/VSAMFile2SAMFile/Sample.txt.out"/>
			</resources>
		</step>
		
		<step id="createDataWithoutVo" name="createDataWithoutVo" type="java" class="com.anyframe.sample.VSAMFile2SAMFile.CreateDataWithoutVo">
			<description>샘플용 데이터를 생성하는 스텝</description>
			<resources>
				<writer id="writer" type="VSAM" url="/batch/sample/VSAMFile2SAMFile/Sample_noVo.txt" colsep="|"/>
			</resources>
		</step>

		<step id="processDataWithoutVo" name="processDataWithoutVo" type="java" class="com.anyframe.sample.VSAMFile2SAMFile.ProcessDataWithoutVo">
			<description>입력 파일(DB)로부터 데이터를 가공하여 결과를 출력 파일(DB)에 기록하는 스텝</description>
			<resources>
				<reader id="reader" type="VSAM" url="/batch/sample/VSAMFile2SAMFile/Sample_noVo.txt" colsep="|"/>
				<writer id="writer" type="SAM" url="/batch/sample/VSAMFile2SAMFile/Sample_noVo.txt.out"/>
			</resources>
		</step>
	</job>
	
</beans>