<?xml version="1.0" encoding="UTF-8"?>
<beans xmlns:tx="http://www.springframework.org/schema/tx"
       xmlns:xslt="http://xml.apache.org/xslt"
       xmlns:jee="http://www.springframework.org/schema/jee"
       xmlns:aop="http://www.springframework.org/schema/aop"
       xmlns:xsi="http://www.w3.org/2001/XMLSchema-instance"
       xmlns="http://www.springframework.org/schema/beans" 
       xsi:schemaLocation="http://www.anyframejava.org/schema/batch 
                           http://www.anyframejava.org/schema/batch/schema.xsd
                           http://www.springframework.org/schema/beans
                           http://www.springframework.org/schema/beans/spring-beans-2.0.xsd
                           http://www.springframework.org/schema/aop
                           http://www.springframework.org/schema/aop/spring-aop-2.0.xsd
                           http://www.springframework.org/schema/jee
                           http://www.springframework.org/schema/jee/spring-jee-2.0.xsd">

		
	<job id="VSAMEscape" name="file2file" xmlns="http://www.anyframejava.org/schema/batch">
		<description>파일 데이터를 생성하고 처리하는 샘플용 배치 작업</description>
		
		<step id="createData" name="createData" type="java" class="com.anyframe.sample.CreateData.CreateListdataFile">
			<description>샘플용 데이터를 생성하는 스텝</description>
			<resources>
				<writer id="writer" type="VSAM" url="/batch/sample/VSAMEscape/Sample.txt"/>
			</resources>
		</step>

		<step id="processData" name="processData" type="java" class="com.anyframe.sample.VSAMEscape.ProcessData">
			<description>입력 파일로부터 데이터를 가공하여 결과를 출력 파일에 기록하는 스텝</description>
			<resources>
				<reader id="reader" type="VSAM" url="/batch/sample/VSAMEscape/Sample.txt" escape="true"/>
				<writer id="writer" type="VSAM" url="/batch/sample/VSAMEscape/Sample.txt.out" colsep="|"/>
			</resources>
		</step>
		
	</job>
	
</beans>