<?xml version="1.0" encoding="UTF-8"?>
<beans xmlns="http://www.springframework.org/schema/beans"
	xmlns:xsi="http://www.w3.org/2001/XMLSchema-instance" xmlns:p="http://www.springframework.org/schema/p"
	xsi:schemaLocation="http://www.springframework.org/schema/beans http://www.springframework.org/schema/beans/spring-beans.xsd">		
	
	<bean id="transactionManager" class="com.sds.anyframe.batch.core.transaction.ChainedTransactionManager">
		<property name="transactionManagers">
			<list>
				<bean class="org.springframework.jdbc.datasource.DataSourceTransactionManager">
					<property name="dataSource" ref="DS_DEFAULT"/>
				</bean>
			</list>
		</property>
	</bean>
	
	<bean id="DS_DEFAULT" class="org.apache.commons.dbcp.BasicDataSource" destroy-method="close">
		<property name="driverClassName" value="${jdbc.driverClassName}"/>
	    <property name="url" value="${jdbc.url}"/>
	    <property name="username" value="${jdbc.username}"/>
	    <property name="password" value="${jdbc.password}"/>
	</bean>

	<!-- 로컬환경에서 샘플용 DB 배치작업을 실행할 경우 필요한 DB 초기화 루틴  -->
	<bean id="dataSourceInitializer" class="com.anyframe.sample.DataSourceInitializer">
		<property name="dataSource" ref="DS_DEFAULT"/>
		<property name="initialize" value="true"/>
		<property name="initScripts">
			<list>
				<value>classpath:sample-hsqldb.sql</value>
			</list>
		</property>
	</bean>
	
</beans>