<?xml version="1.0" encoding="UTF-8"?> 
<!DOCTYPE log4j:configuration SYSTEM "log4j.dtd">
<log4j:configuration 
    xmlns:log4j="http://jakarta.apache.org/log4j/"  debug="false">
    
    <appender name="console" class="org.apache.log4j.ConsoleAppender">
    	<layout class="org.apache.log4j.PatternLayout">
    		<param name="ConversionPattern"
    			value="[%d{yyyy-MM-dd HH:mm:ss}] %-5p : %m%n" />
    	</layout>
    </appender>

	<!-- Do not modify anyframeAppender. anyframeAppender is used in framework internally. -->
	<appender name="anyframeAppender" class="org.apache.log4j.RollingFileAppender">
		<param name="MaxFileSize" value="10MB" />
		<param name="maxBackupIndex" value="1" />
		<param name="Append" value="true" />
		<param name="File" value="/batch/log/job.log" />
		<layout class="org.apache.log4j.PatternLayout">
			<param name="ConversionPattern"
				value="[%d{yyyy-MM-dd HH:mm:ss}] %-5p : %m%n" />
		</layout>
	</appender>
	
	<!-- Do not modify stepAppender. stepAppender is used in framework internally. -->
	<appender name="stepAppender"
		class="org.apache.log4j.RollingFileAppender">
		<param name="MaxFileSize" value="10MB" />
		<param name="maxBackupIndex" value="1" />
		<param name="Append" value="true" />
		<param name="File" value="/batch/log/job.log" />
		<layout class="org.apache.log4j.PatternLayout">
			<param name="ConversionPattern"
				value="[%d{yyyy-MM-dd HH:mm:ss}] %-5p : %m%n" />
		</layout>
	</appender>

	<logger name="org.springframework" additivity="false">
		<level value="error" />
		<appender-ref ref="console" />
	</logger>
	
	<logger name="com.sds.anyframe.batch" additivity="false">
		<level value="info" />
		<appender-ref ref="console" />
	</logger>
	
	<logger name="StaticScriptLogger" additivity="false">
		<level value="info" />
		<appender-ref ref="console" />
	</logger>

	<!-- logger for stdout, stderr stream of shell script -->
	<logger name="ShellScriptLogger" additivity="false">
		<level value="info" />
		<appender-ref ref="console" />
	</logger>

	<!-- query logger for Online AbstractDAO -->
	<logger name="queryLogger" additivity="false">
		<level value="error" />
		<appender-ref ref="console" />
	</logger>

	
	<!-- logger for execution query -->
	<logger name="RunningQueryLogger" additivity="false">
		<level value="debug" />
		<appender-ref ref="console" />
	</logger>
	
	<!-- logger for query loaded-->
	<logger name="StaticQueryLogger" additivity="false">
		<level value="debug" />
		<appender-ref ref="console" />
	</logger>

	
	<!-- logger for MessageFormatter which logs batch job result -->
	<logger name="MessageLogger" additivity="false">
		<level value="debug" />
		<appender-ref ref="console" />
	</logger>
	
    <root>
        <level value="debug"/>
        <appender-ref ref="console"/>
    </root> 
	
</log4j:configuration>
