<?xml version="1.0" encoding="UTF-8" standalone="no"?>
<ruleset xmlns="http://pmd.sf.net/ruleset/1.0.0" name="pmd-eclipse" xmlns:xsi="http://www.w3.org/2001/XMLSchema-instance" xsi:noNamespaceSchemaLocation="http://pmd.sf.net/ruleset_xml_schema.xsd" xsi:schemaLocation="http://pmd.sf.net/ruleset/1.0.0 http://pmd.sf.net/ruleset_xml_schema.xsd">
   <description>PMD Plugin preferences rule set</description>
   <rule ref="rulesets/basic.xml/EmptyCatchBlock">
      <priority>2</priority>
   </rule>
   <rule ref="rulesets/basic.xml/EmptyFinallyBlock">
      <priority>4</priority>
   </rule>
   <rule ref="rulesets/basic.xml/EmptyIfStmt">
      <priority>4</priority>
   </rule>
   <rule ref="rulesets/basic.xml/EmptyStatementNotInLoop">
      <priority>4</priority>
   </rule>
   <rule ref="rulesets/basic.xml/EmptyTryBlock">
      <priority>4</priority>
   </rule>
   <rule ref="rulesets/basic.xml/EmptyWhileStmt">
      <priority>4</priority>
   </rule>
   <rule ref="rulesets/basic.xml/UnnecessaryConversionTemporary">
      <priority>4</priority>
   </rule>
   <rule ref="rulesets/braces.xml/WhileLoopsMustUseBraces">
      <priority>4</priority>
   </rule>
   <rule ref="rulesets/controversial.xml/AssignmentInOperand">
      <priority>4</priority>
   </rule>
   <rule ref="rulesets/controversial.xml/UnnecessaryConstructor">
      <priority>4</priority>
   </rule>
   <rule ref="rulesets/controversial.xml/UnnecessaryParentheses">
      <priority>4</priority>
   </rule>
   <rule ref="rulesets/controversial.xml/NullAssignment">
      <priority>4</priority>
   </rule>
   <rule ref="rulesets/controversial.xml/DoNotCallGarbageCollectionExplicitly"/>
   <rule ref="rulesets/design.xml/AbstractClassWithoutAbstractMethod">
      <priority>4</priority>
   </rule>
   <rule ref="rulesets/design.xml/AssignmentToNonFinalStatic">
      <priority>4</priority>
   </rule>
   <rule ref="rulesets/design.xml/AvoidConstantsInterface">
      <priority>4</priority>
   </rule>
   <rule ref="rulesets/design.xml/AvoidReassigningParameters"/>
   <rule ref="rulesets/design.xml/AvoidSynchronizedAtMethodLevel">
      <priority>4</priority>
   </rule>
   <rule ref="rulesets/design.xml/EqualsNull">
      <priority>2</priority>
   </rule>
   <rule ref="rulesets/design.xml/FinalFieldCouldBeStatic">
      <priority>4</priority>
   </rule>
   <rule ref="rulesets/design.xml/ImmutableField">
      <priority>2</priority>
   </rule>
   <rule ref="rulesets/design.xml/NonThreadSafeSingleton">
      <priority>4</priority>
   </rule>
   <rule ref="rulesets/design.xml/SimpleDateFormatNeedsLocale">
      <priority>4</priority>
   </rule>
   <rule ref="rulesets/design.xml/SimplifyBooleanExpressions">
      <priority>4</priority>
   </rule>
   <rule ref="rulesets/design.xml/SingularField">
      <priority>4</priority>
   </rule>
   <rule ref="rulesets/design.xml/SwitchStmtsShouldHaveDefault">
      <priority>4</priority>
   </rule>
   <rule ref="rulesets/design.xml/UncommentedEmptyMethod">
      <priority>4</priority>
   </rule>
   <rule ref="rulesets/design.xml/UnnecessaryLocalBeforeReturn">
      <priority>2</priority>
   </rule>
   <rule ref="rulesets/design.xml/CloseResource">
      <priority>2</priority>
   </rule>
   <rule ref="rulesets/design.xml/BadComparison">
      <priority>4</priority>
   </rule>
   <rule ref="rulesets/design.xml/IdempotentOperations">
      <priority>4</priority>
   </rule>
   <rule ref="rulesets/imports.xml/DuplicateImports"/>
   <rule ref="rulesets/imports.xml/ImportFromSamePackage">
      <priority>4</priority>
   </rule>
   <rule ref="rulesets/logging-java.xml/SystemPrintln"/>
   <rule ref="rulesets/naming.xml/MisleadingVariableName">
      <priority>4</priority>
   </rule>
   <rule ref="rulesets/naming.xml/VariableNamingConventions">
      <priority>2</priority>
   </rule>
   <rule ref="rulesets/optimizations.xml/AvoidArrayLoops">
      <priority>4</priority>
   </rule>
   <rule ref="rulesets/optimizations.xml/AvoidInstantiatingObjectsInLoops">
      <priority>4</priority>
   </rule>
   <rule ref="rulesets/optimizations.xml/UnnecessaryWrapperObjectCreation">
      <priority>4</priority>
   </rule>
   <rule ref="rulesets/strictexception.xml/AvoidThrowingNullPointerException">
      <priority>2</priority>
   </rule>
   <rule ref="rulesets/strictexception.xml/AvoidThrowingRawExceptionTypes">
      <priority>2</priority>
   </rule>
   <rule ref="rulesets/strings.xml/InefficientEmptyStringCheck">
      <priority>4</priority>
   </rule>
   <rule ref="rulesets/strings.xml/InefficientStringBuffering">
      <priority>4</priority>
   </rule>
   <rule ref="rulesets/strings.xml/StringInstantiation">
      <priority>4</priority>
   </rule>
   <rule ref="rulesets/strings.xml/StringToString">
      <priority>4</priority>
   </rule>
   <rule ref="rulesets/strings.xml/UselessStringValueOf">
      <priority>4</priority>
   </rule>
   <rule ref="rulesets/unusedcode.xml/UnusedFormalParameter">
      <priority>4</priority>
   </rule>
   <rule ref="rulesets/unusedcode.xml/UnusedPrivateField">
      <priority>2</priority>
   </rule>
   <rule ref="rulesets/unusedcode.xml/UnusedPrivateMethod">
      <priority>4</priority>
   </rule>
   <rule ref="rulesets/basic.xml/BrokenNullCheck"/>
   <rule ref="rulesets/basic.xml/AvoidUsingHardCodedIP">
      <priority>2</priority>
   </rule>
   <rule ref="rulesets/basic.xml/CheckResultSet">
      <priority>4</priority>
   </rule>
   <rule ref="rulesets/codesize.xml/CyclomaticComplexity">
   		<properties>
			<property name="reportLevel" value="50" />
		</properties>
      <!-- priority>4</priority-->
   </rule>
   <rule ref="rulesets/design.xml/CompareObjectsWithEquals">
      <priority>4</priority>
   </rule>
   <rule ref="rulesets/optimizations.xml/UseStringBufferForStringAppends">
      <priority>4</priority>
   </rule>
   <rule ref="rulesets/unusedcode.xml/UnusedLocalVariable">
      <priority>2</priority>
   </rule>
   <rule ref="rulesets/basic.xml/EmptySwitchStatements">
      <priority>4</priority>
   </rule>
   <rule ref="rulesets/basic.xml/EmptySynchronizedBlock">
      <priority>4</priority>
   </rule>
   <rule ref="rulesets/basic.xml/EmptyStaticInitializer">
      <priority>4</priority>
   </rule>
   <rule ref="rulesets/basic.xml/UnconditionalIfStatement">
      <priority>4</priority>
   </rule>
   <rule ref="rulesets/basic.xml/MisplacedNullCheck">
      <priority>2</priority>
   </rule>
   <rule ref="rulesets/basic.xml/ReturnFromFinallyBlock">
      <priority>4</priority>
   </rule>
   <rule ref="rulesets/basic.xml/AvoidUsingOctalValues">
      <priority>4</priority>
   </rule>
   <rule ref="rulesets/braces.xml/IfStmtsMustUseBraces">
      <priority>4</priority>
   </rule>
   <rule ref="rulesets/braces.xml/IfElseStmtsMustUseBraces">
      <priority>4</priority>
   </rule>
   <rule ref="rulesets/braces.xml/ForLoopsMustUseBraces">
      <priority>4</priority>
   </rule>
   <rule ref="rulesets/coupling.xml/LooseCoupling">
      <priority>4</priority>
   </rule>
   <rule ref="rulesets/design.xml/DefaultLabelNotLastInSwitchStmt">
      <priority>4</priority>
   </rule>
   <rule ref="rulesets/design.xml/NonCaseLabelInSwitchStatement">
      <priority>4</priority>
   </rule>
   <rule ref="rulesets/design.xml/MissingBreakInSwitch">
      <priority>4</priority>
   </rule>
   <rule ref="rulesets/design.xml/UncommentedEmptyConstructor">
      <priority>4</priority>
   </rule>
   <rule ref="rulesets/j2ee.xml/UseProperClassLoader">
      <priority>4</priority>
   </rule>
   <rule ref="rulesets/j2ee.xml/DoNotCallSystemExit">
      <priority>4</priority>
   </rule>
   <rule ref="rulesets/logging-java.xml/AvoidPrintStackTrace">
      <priority>2</priority>
   </rule>
   <rule ref="rulesets/naming.xml/MethodNamingConventions">
      <priority>2</priority>
   </rule>
   <rule ref="rulesets/naming.xml/ClassNamingConventions">
      <priority>2</priority>
   </rule>
   <rule ref="rulesets/naming.xml/SuspiciousConstantFieldName">
      <priority>4</priority>
   </rule>
   <rule ref="rulesets/naming.xml/AvoidFieldNameMatchingTypeName">
      <priority>2</priority>
   </rule>
   <rule ref="rulesets/naming.xml/AvoidFieldNameMatchingMethodName">
      <priority>2</priority>
   </rule>
   <rule ref="rulesets/naming.xml/PackageCase">
      <priority>4</priority>
   </rule>
   <rule ref="rulesets/strictexception.xml/DoNotThrowExceptionInFinally">
      <priority>2</priority>
   </rule>
   <rule ref="rulesets/strings.xml/UseEqualsToCompareStrings">
      <priority>4</priority>
   </rule>
   <rule ref="rulesets/basic.xml/UnnecessaryReturn">
      <priority>4</priority>
   </rule>
   <rule ref="rulesets/basic.xml/UselessOperationOnImmutable">
      <priority>4</priority>
   </rule>
   <rule ref="rulesets/design.xml/AvoidDeeplyNestedIfStmts">
      <priority>4</priority>
   </rule>
   <rule ref="rulesets/design.xml/PositionLiteralsFirstInComparisons">
      <priority>2</priority>
   </rule>
   <rule ref="rulesets/design.xml/UseCollectionIsEmpty">
      <priority>4</priority>
   </rule>
   <rule ref="rulesets/imports.xml/UnusedImports"/>
   <rule ref="rulesets/strings.xml/UnnecessaryCaseChange">
      <priority>4</priority>
   </rule>
   <rule ref="rulesets/controversial.xml/AvoidFinalLocalVariable">
      <priority>4</priority>
   </rule>
   <rule ref="rulesets/j2ee.xml/DoNotUseThreads">
      <priority>4</priority>
   </rule>
   <rule ref="rulesets/strictexception.xml/AvoidCatchingNPE">
      <priority>2</priority>
   </rule>
</ruleset>
